sample_name_short,,OxicEvo04EcoliGlc_Broth-10,OxicEvo04EcoliGlc_Broth-11,OxicEvo04EcoliGlc_Broth-12,OxicEvo04EcoliGlc_Broth-4,OxicEvo04EcoliGlc_Broth-5,OxicEvo04EcoliGlc_Broth-6,OxicEvo04gndEcoliGlc_Broth-1,OxicEvo04gndEcoliGlc_Broth-2,OxicEvo04gndEcoliGlc_Broth-3,OxicEvo04gndEcoliGlc_Broth-7,OxicEvo04gndEcoliGlc_Broth-8,OxicEvo04gndEcoliGlc_Broth-9,OxicEvo04pgiEcoliGlc_Broth-1,OxicEvo04pgiEcoliGlc_Broth-2,OxicEvo04pgiEcoliGlc_Broth-3,OxicEvo04pgiEcoliGlc_Broth-4,OxicEvo04pgiEcoliGlc_Broth-5,OxicEvo04pgiEcoliGlc_Broth-6,OxicEvo04ptsHIcrrEcoliGlc_Broth-1,OxicEvo04ptsHIcrrEcoliGlc_Broth-2,OxicEvo04ptsHIcrrEcoliGlc_Broth-3,OxicEvo04ptsHIcrrEcoliGlc_Broth-4,OxicEvo04ptsHIcrrEcoliGlc_Broth-5,OxicEvo04ptsHIcrrEcoliGlc_Broth-6,OxicEvo04sdhCBEcoliGlc_Broth-1,OxicEvo04sdhCBEcoliGlc_Broth-2,OxicEvo04sdhCBEcoliGlc_Broth-3,OxicEvo04sdhCBEcoliGlc_Broth-4,OxicEvo04sdhCBEcoliGlc_Broth-5,OxicEvo04sdhCBEcoliGlc_Broth-6,OxicEvo04tpiAEcoliGlc_Broth-1,OxicEvo04tpiAEcoliGlc_Broth-2,OxicEvo04tpiAEcoliGlc_Broth-3,OxicEvo04tpiAEcoliGlc_Broth-4,OxicEvo04tpiAEcoliGlc_Broth-5,OxicEvo04tpiAEcoliGlc_Broth-6
sample_name_abbreviation,,OxicEvo04EcoliGlc,OxicEvo04EcoliGlc,OxicEvo04EcoliGlc,OxicEvo04EcoliGlc,OxicEvo04EcoliGlc,OxicEvo04EcoliGlc,OxicEvo04gndEcoliGlc,OxicEvo04gndEcoliGlc,OxicEvo04gndEcoliGlc,OxicEvo04gndEcoliGlc,OxicEvo04gndEcoliGlc,OxicEvo04gndEcoliGlc,OxicEvo04pgiEcoliGlc,OxicEvo04pgiEcoliGlc,OxicEvo04pgiEcoliGlc,OxicEvo04pgiEcoliGlc,OxicEvo04pgiEcoliGlc,OxicEvo04pgiEcoliGlc,OxicEvo04ptsHIcrrEcoliGlc,OxicEvo04ptsHIcrrEcoliGlc,OxicEvo04ptsHIcrrEcoliGlc,OxicEvo04ptsHIcrrEcoliGlc,OxicEvo04ptsHIcrrEcoliGlc,OxicEvo04ptsHIcrrEcoliGlc,OxicEvo04sdhCBEcoliGlc,OxicEvo04sdhCBEcoliGlc,OxicEvo04sdhCBEcoliGlc,OxicEvo04sdhCBEcoliGlc,OxicEvo04sdhCBEcoliGlc,OxicEvo04sdhCBEcoliGlc,OxicEvo04tpiAEcoliGlc,OxicEvo04tpiAEcoliGlc,OxicEvo04tpiAEcoliGlc,OxicEvo04tpiAEcoliGlc,OxicEvo04tpiAEcoliGlc,OxicEvo04tpiAEcoliGlc
experiment_id,,ALEsKOs01,ALEsKOs01,ALEsKOs01,ALEsKOs01,ALEsKOs01,ALEsKOs01,ALEsKOs01,ALEsKOs01,ALEsKOs01,ALEsKOs01,ALEsKOs01,ALEsKOs01,ALEsKOs01,ALEsKOs01,ALEsKOs01,ALEsKOs01,ALEsKOs01,ALEsKOs01,ALEsKOs01,ALEsKOs01,ALEsKOs01,ALEsKOs01,ALEsKOs01,ALEsKOs01,ALEsKOs01,ALEsKOs01,ALEsKOs01,ALEsKOs01,ALEsKOs01,ALEsKOs01,ALEsKOs01,ALEsKOs01,ALEsKOs01,ALEsKOs01,ALEsKOs01,ALEsKOs01
time_point,,0,0,0,0,0,0,0,0,0,0,0,0,0,0,0,0,0,0,0,0,0,0,0,0,0,0,0,0,0,0,0,0,0,0,0,0
component_name,component_group_name,,,,,,,,,,,,,,,,,,,,,,,,,,,,,,,,,,,,
23dpg.23dpg_1.Light,23dpg,0.729758485154989,0.932979870357958,0.615112627066459,0.599411374341814,0.636125844691598,0.765039004218168,0.755120852882814,0.586713363635132,0.395597497748677,0.641243636435245,0.557945217265691,0.389915823629664,0.200755369250686,0.184416003635469,0.48815377117052,0.143959313610329,0.174798927642129,0.331322184121816,1.37190696744844,1.10828478370274,1.01413066289317,1.13612311235942,1.02298816126271,0.887457376742847,0.397660063330457,0.405302966829418,0.645100619339703,0.292401441693855,0.379271815844582,0.608465569565008,0.183435181334053,0.553082099344673,0.32558882071038,0.126302208284216,0.315191010518255,0.241440152069369
6pgc.6pgc_1.Light,6pgc,0.459594119571724,0.4584662353534,0.473541844094271,0.360228636939259,0.488924978254915,0.436838797366303,4.9113539169587,4.32332100851216,4.28166183062255,4.56255823691118,4.7485633425963,3.77776277026064,7.06542051604975,6.31904855423393,7.92214019780322,7.63245553649363,5.20136255454769,8.07631750475137,0.354748542791448,0.602089966908005,0.35186171198028,0.523195506153955,0.430573936076612,0.383973763700691,0.440242421742695,0.622475338205201,0.608829038901942,0.505383684520777,0.462599444723773,0.58078628646356,0.16948484730063,0.190216827114256,0.151872389081624,0.141171674325863,0.134987544917079,0.174328906546491
Lcystin.Lcystin_1.Light,Lcystin,0.0508865935856449,0.0710752807408825,0.0574897890132502,0.0883289294007285,0.0644448137603558,0.0564550956927896,0.0697035335015421,0.0425536297837876,0.049413892230051,0.0905869785826655,0.0583173813430212,0.017915343338615,0.121997721755351,0.0913583603068792,0.187187413306286,0.128910428524411,0.110583133332652,0.144901522403861,0.392192620210375,0.441024722239309,0.230799975921296,0.34319302864804,0.355092077814729,0.262284733608758,0.0938999531443502,0.0455086912651312,0.101844431458505,0.121035641375119,0.0921673008366676,0.0545129496015129,,,,,,
Pool_2pg_3pg.Pool_2pg_3pg_1.Light,Pool_2pg_3pg,2.23651907304597,1.84083276327249,1.95682593801416,2.20644659560158,2.11156236966806,2.03337081220079,2.54009319766361,2.48994797667261,1.51981434530739,2.73003743629378,2.6556592088299,1.94254502605518,0.5823070206489,0.701508220621947,0.550576899358619,0.54932580059682,0.776751520124149,0.542952216848049,6.50887179974227,6.19043388614181,4.11705457518194,6.17619045812466,7.59770149854503,3.94751418628253,1.76108504994359,2.18713766985947,2.09529474962191,2.31168943588212,2.6603428816908,2.06653343883601,0.333965564945925,0.37105962617197,0.334511888455,0.257694493846508,0.413422895299143,0.330932656961323
accoa.accoa_1.Light,accoa,1.43355481754851,1.64796641000449,1.35431607997456,1.50416327609935,1.588133256509,1.31539135589689,3.76399747639252,2.17305654910292,4.27803004379648,3.97672729385636,2.41428679807564,4.3378846117477,1.78827300911778,3.57923597923212,2.57290471509825,1.59161122505576,3.23842509190078,2.70967095512894,1.01982480628902,0.753080265771967,1.12876525193384,0.957595455650957,0.68815878136326,1.0824489281692,0.759284411941879,0.927698365011509,1.56474456042546,0.84857710672115,1.01220056760919,1.67636323694612,4.24261582159046,2.78032465721127,0.711332787865015,4.10834916173353,2.47471030825826,0.732333789303343
acon-C.acon-C_1.Light,acon-C,0.688625251179951,0.685830868271304,0.910127894722794,0.700196644097866,0.741723865730204,1.04414759497726,3.53574590766343,4.38406485920156,2.34355608067739,3.78265249490448,3.48470217855743,2.67724961263436,1.01086733522459,0.435711157571913,0.679847720131216,0.94590038834291,0.507084337395562,0.754129141566806,1.99113164846197,2.56643630411795,1.06402918996307,1.79137469552442,2.20531489833568,1.29266392466184,0.85259263894311,0.762307508538927,0.717947534353783,0.80803235258537,0.717764805429527,0.835942653728421,9.41365365367026,9.90083050576457,8.70930591361337,12.4164544748516,20.2546442280105,12.8849174212183
ade.ade_1.Light,ade,0.0103636602869427,0.0100764931399102,0.0115113527992282,0.00909986962158128,0.0104552599803373,0.0102854407530182,0.0471759291081545,0.048745318061441,0.0358126564417626,0.0405018200959142,0.0449360799888389,0.0369275897711057,0.052988272287041,0.0489337091732186,0.0535252980324094,0.0444916770117228,0.0413771496307485,0.051595897617803,0.0356922028742656,0.0512528661048357,0.0432806350277818,0.0525841870450007,0.0614854767540113,0.0379682828482512,0.0663262115879141,0.0601846203168805,0.0635852331721669,0.0610939606444537,0.0594851839649476,0.0586886982147273,0.0514553343844965,0.0593439441319522,0.0548295169146913,0.0566935528416698,0.0539192821541852,0.0488959214931484
adn.adn_1.Light,adn,0.0190632013107828,0.00857358012908941,0.0318424684627036,0.0220628597007704,0.00748578149682023,0.0220234989330971,0.0114756062917271,0.00779370497020432,0.00981889595774208,0.00945236358484802,0.00531476795525655,0.00744800695233274,0.0462707743076371,0.0843961911571872,0.0205285990630743,0.0501863334829393,0.0989167567584394,0.0337783303621188,0.0189151331151226,0.0154619722464338,0.0150598732895673,0.0108503658865024,0.012769071093968,0.0229590558443498,0.0339804357676001,0.0113960691591404,0.0140613360459125,0.0253236911292723,0.0103703107416459,0.0147394506425724,0.0157078856496807,0.00600774812309629,0.0286964003960307,0.015610888935948,0.0075824381366181,0.0278750906353355
adp.adp_1.Light,adp,0.60394272928992,0.569550618511313,0.602194284000105,0.649978070103102,0.553160084700574,0.627250975818455,0.607241427921075,0.470838608531868,0.50595710768012,0.581629197743597,0.41995651902446,0.456424027154508,0.788787574263099,1.18080717527276,1.00297141242852,0.765608326232367,1.13214574811734,1.08153706036697,0.685658270773184,0.95749263847409,0.704649083975306,0.712255565555336,0.862653228063642,0.705831831515845,0.246565379673193,0.454768352081002,0.557496625179491,0.262243836209438,0.443324891209667,0.477979662684255,0.538246132066376,0.597580787625916,0.457105624772444,0.597779476626854,0.54996616390485,0.417881627557348
adpglc.adpglc_1.Light,adpglc,0.00913888400411262,0.00934591344376384,0.00919239896863829,0.0107114275609368,0.00886379974428662,0.00696953790069539,0.0312983773688181,0.0278462445243821,0.0186872396573766,0.0366495829657287,0.0290614619272339,0.028502335940307,0.00384227554573698,0.00749892698203682,0.0050645325902056,0.00224011480557415,0.00389375489249378,0.0051949274092218,0.00321665545642096,0.0109808403039533,0.00194246180124812,0.00271788677499981,0.00812081820092327,0.00311994476017253,0.012667839016777,0.0111631045881894,0.0217666689809512,0.016399597188236,0.0158633634088705,0.0202310598094241,0.00280614541813887,0.00323902202522078,0.00459920221789966,0.00362290626700831,0.00375618909085382,0.00556869179290854
akg.akg_1.Light,akg,0.297884681315163,0.248417869313796,0.272207730742002,0.2403548531772,0.280727989493092,0.312071090937923,1.17824219372999,0.45767095712736,0.370626593905778,1.19711040974823,0.513571979515306,0.642522354687876,0.353945064822491,0.302732205142029,0.459817378094123,0.355970531624381,0.287385435658587,0.297035402100316,0.910876307329631,0.617269360964477,0.543863644165313,0.841245379765743,0.633251880435026,0.375909817484522,0.294029305301416,0.319722771487364,0.509365757200213,0.548042766968693,0.462370094203047,0.410975137814187,0.303614826212581,0.430836422434805,0.29973843907319,0.491639040134492,0.599939234268275,0.365961734790336
ala-L.ala-L_1.Light,ala-L,2.76164520012558,9.56616464119415,4.98286735725139,1.14081716080494,2.67203039590193,3.26837582682462,11.4389338247942,21.2670065280071,9.86621332142243,12.4457583912641,36.4430747522566,12.0331795355186,5.45149442490372,8.03910982832344,7.49992059432005,11.6355616138895,5.12069810364088,4.23983624955551,12.9630346091435,23.0728399725299,4.6315633035551,17.072189457461,23.8229765298641,5.51945303362238,11.1240849136973,7.38682241281013,4.15453320509587,10.4333090777385,6.30592005525674,2.54686835782877,0.894906873615302,9.64318257308592,1.17671116831068,2.61813950552474,6.03476031823156,4.96313835128895
amp.amp_1.Light,amp,0.241155464913148,0.243285484614945,0.379875125996554,0.289052827332082,0.22862800298587,0.417004058369809,0.427786127434629,0.384835396505835,0.283660038068273,0.451819663361447,0.448404753115531,0.320994745024012,0.607444122239146,1.07813668818515,0.742745809418249,0.558987309517237,1.21336136367584,0.61706658084011,0.345705374653742,0.513575009472911,0.30398717937835,0.504308276917444,0.452573188221972,0.331470184089745,0.190642648286153,0.201372839239709,0.255972147080998,0.15003322256992,0.227610023904544,0.242299861611168,0.357388999596624,0.390539379417962,0.592311110991203,0.41451596560601,0.458055161059606,0.575695952501828
arg-L.arg-L_1.Light,arg-L,0.48011215133759,0.366377898615996,0.398217898602269,0.447835258422244,0.413492900529836,0.403651336046352,0.517011786049063,0.44267028820278,0.497038019522138,0.488901100618088,0.444396439589296,0.541503221240364,0.186877192469789,0.193186574123809,0.307976279910808,0.230385213532559,0.23332745699355,0.347977227332213,0.272568603699649,0.395110989977182,0.211958981491122,0.235942924909763,0.357450235964279,0.214116633898176,0.661628637632548,0.665062387635594,0.573088187730649,0.640812014932448,0.78093938695059,0.677946520914361,0.354805158182415,0.691660000011678,0.622258725507455,0.2447590168193,0.717664459119068,0.619149935430754
asn-L.asn-L_1.Light,asn-L,1.31311641134774,0.938035567620392,1.18841446494696,1.13756693267631,0.898632076384564,1.01142243986383,0.947687928202583,1.37954984639559,1.52967241692282,1.08800400680805,1.3174952094837,1.31930201804424,1.63886871774751,1.76819996615575,2.3995931748946,2.15597638789664,1.60153274871483,2.03364229570921,1.24632509722369,2.15262027419702,1.04739582954331,1.78075511874489,2.30571795254291,0.987325025079706,1.14843753728353,1.19538746914047,1.7097696276514,1.29937742037955,0.960959084437237,1.01673594019644,0.794294058143226,1.04331780529177,0.988713384837348,0.945653647841319,1.02484547091103,0.991559022643086
atp.atp_1.Light,atp,4.42523382556406,5.78620610818317,5.1688113580369,4.66571821499541,6.2486873876485,4.81856402856063,5.27419613455416,2.89798525199954,3.55503188428882,5.28449195159066,3.41115865436704,3.88805964000797,4.04183436801473,4.38146251907046,4.64744734149961,3.78975516087453,4.54744371885319,5.18042043065922,3.54313410928583,3.61994822344431,3.84068558600919,3.64675807491855,3.74492789603335,2.8567853982486,2.75114367396433,3.59603877377646,3.89149336606215,3.08748181900581,3.76178251435889,4.53209643741521,3.13108360643531,4.44322034257138,2.98160759532829,2.64435159961091,3.53695241312712,2.40656082095447
btn.btn_1.Light,btn,0.000459187214953877,0.000444286686686081,0.000444505537757917,0.000459187214953877,0.000444286686686081,0.000444505537757917,0.000531937869033066,0.000430981341971221,0.0004140883622116,0.000531937869033066,0.000430981341971221,0.0004140883622116,0.00059177491028707,0.000528302873162666,0.000656742042308153,0.00059177491028707,0.000528302873162666,0.000656742042308153,0.00067864578183346,0.000584034718151327,0.000391680798622732,0.00067864578183346,0.000584034718151327,0.000391680798622732,0.000445924790061093,0.000462213866840483,0.000452476990735737,0.000445924790061093,0.000462213866840483,0.000452476990735737,0.000435072097623951,0.000422883498179849,0.000405269257188799,0.000435072097623951,0.000422883498179849,0.000405269257188799
camp.camp_1.Light,camp,0.0354745294138737,0.0218347913250353,0.0327109104889652,0.025741797411337,0.0184978837530487,0.0339056729206057,0.092596836668884,0.116544527691493,0.074598552626407,0.0780101598338449,0.112877706972363,0.0609994655426301,0.252541402873711,0.117424272520526,0.18787168991546,0.22292879285255,0.132542387237435,0.192593867476205,0.0854518207060081,0.0866141253354544,0.0569133053484548,0.0813028104567983,0.0999576342890851,0.0676848057956277,0.0391554741145709,0.0526220092208024,0.049903414917096,0.0385809646816718,0.039846707749426,0.0500587172371953,0.348027072517382,0.518603364061597,0.38311405863246,0.37320682491987,0.526381560044124,0.38608018866213
chor.chor_1.Light,chor,42.1680624199349,37.1967028999801,48.4174293873912,37.2395156967504,38.6610938337028,51.6567979874318,394.801631122081,408.202944942667,300.847571171244,447.007669937122,444.791058173483,403.118986585691,15.4322066212683,8.71779307885823,17.0708183487022,17.280692561219,9.90270941342566,17.3722046931025,119.705418782829,242.183798549152,84.2065322134438,113.395999136523,231.513982722159,104.505197756812,117.455804205574,110.156047709694,162.250076374172,109.865042198185,119.501708099148,138.742072227728,30.7494291319532,47.4714860300247,34.3743838405132,26.8498566111184,34.9229984303837,40.7360712817796
cit.cit_1.Light,cit,0.0183674885981551,0.0177714674674432,0.0177802215103167,0.0183674885981551,0.0177714674674432,0.0177802215103167,0.0212775147613226,0.0172392536788488,0.016563534488464,0.0212775147613226,0.0172392536788488,0.016563534488464,0.0236709964114828,0.0211321149265066,0.0262696816923261,0.0236709964114828,0.0211321149265066,0.0262696816923261,0.0271458312733384,0.0233613887260531,0.0156672319449093,0.0271458312733384,0.0233613887260531,0.0156672319449093,0.0178369916024437,0.0184885546736193,0.0180990796294295,0.0178369916024437,0.0184885546736193,0.0180990796294295,0.0174028839049581,0.016915339927194,0.016210770287552,0.0174028839049581,0.016915339927194,0.016210770287552
cit.cit_2.Light,cit,4.67135905441879,4.20724424486454,5.11367858497443,4.55350905060189,5.3359955205173,5.71648817354265,15.493777950645,15.1348106777597,8.02188574008311,15.9202220185178,11.7212484253641,9.19736618774058,5.54743096605896,1.5028352820262,5.59820277689253,4.6385106883192,3.35629959786569,3.40816347282211,6.10835802332012,7.65765940796426,4.18651577286197,5.74488534377301,7.05679157108221,4.03939945827962,4.35685605408834,2.94803911133569,3.21581540369753,3.01126135147696,2.7472541212384,2.81718457889545,22.3843052897603,18.8131908580674,28.6950168351555,43.0671809536238,46.3769077887429,32.9517938539839
citr-L.citr-L_1.Light,citr-L,0.139046861685572,0.163413686461321,0.0834064759191284,0.127466240023011,0.205068902596878,0.111650603599829,0.235182380318168,0.231962355514035,0.265507320232373,0.420337711042398,0.238653589524373,0.352299363084597,0.0989723405272677,0.166878515873157,0.0815969196437708,0.158328163516965,0.137206450511532,0.0924392165332593,0.105928699642199,0.303688380655688,0.07912823073603,0.104032743847534,0.228807468421255,0.133329143812257,0.135553596036297,0.0937490332038912,0.132571460206636,0.180172393077591,0.0934712898157345,0.10631638282178,0.060741829098525,0.165503674061937,0.124396358167919,0.0863929555793907,0.193374792522079,0.107890367868891
cmp.cmp_1.Light,cmp,0.167601801609616,0.224459507139519,0.221715087423892,0.268605733103118,0.19300804517812,0.251107728068546,0.152485887753482,0.188879716389101,0.124724524454945,0.216210159807774,0.142942485706042,0.121743588051674,0.110142688468046,0.232978418379612,0.208403262706502,0.146535042904324,0.235767929399101,0.167790828023439,0.218320222466354,0.3235644131295,0.170927202527715,0.261560486601159,0.343765419457499,0.19033502957604,0.154696522532989,0.237582984637925,0.159829538359609,0.194909325349875,0.177243943290272,0.22935211306734,0.113604363721081,0.133579666374016,0.131766970695487,0.121755315039446,0.124977890400744,0.191882859112067
coa.coa_1.Light,coa,1.72917174186095,1.5856106797836,1.9597367371886,1.77806429522061,2.11235916407484,1.67164251632385,2.71543113786657,2.13875642578462,2.16380246306408,2.55583080931612,2.23684351767376,2.59743340916675,1.59564184953639,2.38122628610547,2.42997338073027,1.47676142402661,2.2894467056914,2.94360875496371,1.55899555610307,1.65269877229772,1.25858108830995,1.8728260798663,1.76841740752911,1.49665071782245,0.868989012986964,1.18710032902605,1.31019180380091,1.16558046924648,1.09212007086108,1.3232205099804,2.04684695759305,1.78220160474721,1.10683948068531,2.15223566694355,2.02048739146377,1.29815098309321
ctp.ctp_1.Light,ctp,0.311575149760136,0.302333081935391,0.316119039292246,0.321640363153468,0.323018802162623,0.322154230553124,0.662561794973327,0.348486457706788,0.746068966725409,0.735646069708328,0.412132482880352,0.716760993718411,0.360995939197605,0.426692479148644,0.565434963679368,0.385721535309611,0.450613852037564,0.538710272054611,0.0533629581895485,0.0772204192352578,0.062279612733038,0.0342305199804997,0.121689663685294,0.0707330063839166,0.315937687002797,0.360028458068777,0.404281447505311,0.31285161053628,0.303102488499011,0.397643673397997,0.233754630791289,0.356697733348699,0.250556862328304,0.228083465563689,0.384944527976353,0.267265668411285
dadp.dadp_1.Light,dadp,0.0458526807309458,0.0521780636723933,0.0446565216397893,0.0543545209953237,0.0491831635489508,0.0372754627347653,0.0463103917239361,0.0378761815217098,0.026886836035188,0.0301260512018892,0.0342655387895253,0.0289504880393708,0.0615949323696985,0.0951402660848843,0.0814058700999532,0.0719057728199526,0.0921890072162328,0.0794353247963961,0.0525054349525394,0.0473283829085377,0.044773556159473,0.0506515613041604,0.0571109983115861,0.0468199124675982,0.0169375907319266,0.0208483260963291,0.0307014760150331,0.0127591920611185,0.024564388770422,0.0394379664563684,0.0790369562508577,0.0769905278609462,0.0666426136331351,0.0746123239214576,0.0761255492672642,0.0686950928965904
damp.damp_1.Light,damp,0.00606200915124561,0.00751431181069246,0.00935214803583096,0.00808631899844282,0.00850210950694897,0.0115019266147945,0.0106110099055989,0.0115779581924497,0.00924415497590833,0.0121469996521952,0.0109209366182041,0.00676685685588476,0.0175205211731933,0.0289909070332614,0.0199093241542799,0.0163724920498343,0.0303373466037411,0.0192687977297383,0.0171133258497716,0.0231021234499366,0.0156626050196351,0.0259242003228142,0.0195169848660997,0.0144212518479217,0.00426333574927028,0.012298949406777,0.0105768510107087,0.00757275275504019,0.0102686944096626,0.00973203574607594,0.00978789485815151,0.00989640758417244,0.00844959207671489,0.0101895020801704,0.00813352511052364,0.0101782810618699
datp.datp_1.Light,datp,0.164633143407697,0.204731665898776,0.13516601869458,0.166465611724295,0.141803769065605,0.124353820210086,0.161513828219448,0.128653513941695,0.162433343268319,0.152125145576592,0.132157385787201,0.187536586024986,0.161132083583466,0.226305315429999,0.259911254088458,0.167157442219573,0.210254167650312,0.317805622471434,0.148066792807519,0.132706200191221,0.127707811884648,0.17590676809641,0.144377493347389,0.119353691690584,0.0902845862482697,0.120331982960597,0.145011698340777,0.0907789625504701,0.127231723443747,0.141764223015705,0.150360075509401,0.201831629828068,0.11456335759725,0.144274598084387,0.223715736257447,0.132420688244449
dcdp.dcdp_1.Light,dcdp,0.0571701830682793,0.0493086514350319,0.0651313472771385,0.067715545572928,0.0440900218045621,0.0503033888623323,0.0644484373749326,0.0547780164600786,0.0524156825373307,0.0562280371073243,0.0413681936226473,0.0368025404688665,0.0394089643232858,0.0517070324643717,0.0430730487794943,0.03327554877211,0.0524097249461481,0.0516700477348319,0.06073813375852,0.0973971092777661,0.0642843486478208,0.077654481312823,0.0788960884300084,0.0634328964771811,0.0211025626073061,0.0401984626707967,0.0517852359531306,0.0266311497485281,0.045205471573062,0.0497917209719329,0.0393925219251981,0.0449996808988369,0.0318222125920721,0.0282669613568455,0.0499622842969197,0.0239170693671961
dcmp.dcmp_1.Light,dcmp,0.0109285133678656,0.0100521977667354,0.0122141907313538,0.0109507981825946,0.00891929026288033,0.0108757463296884,0.0126062450197977,0.0117518945044051,0.0133747311105122,0.0145905094473855,0.0146744341499238,0.00926441176449936,0.011687307708032,0.0203292049745999,0.0226567716511739,0.0120375161859497,0.0149632807674481,0.019980613456385,0.0218302791449448,0.0193919237597978,0.0122061602351114,0.0165710301851952,0.0265992357370191,0.0106815959950611,0.0212351262370459,0.0117181864651554,0.0167996684243133,0.0188069837050018,0.0117794903525284,0.0210758429481906,0.00749822178681365,0.00815784006590199,0.0101115936003303,0.00833391850546759,0.00916614845749561,0.00962981616563364
dctp.dctp_1.Light,dctp,0.148052077209786,0.136625375370342,0.135684121014224,0.10767863919672,0.155991587241024,0.187466839419403,0.212500507559507,0.141871677652426,0.16234026738488,0.203657498485337,0.141119619089518,0.212872654104189,0.0919430913827001,0.0967534415496008,0.113949347445439,0.0913334845190414,0.0740288157252614,0.105955839917393,0.150920710057612,0.171826687658498,0.117762358799835,0.142855096557702,0.153775440707709,0.106097304804659,0.154226296179644,0.127192735704079,0.149786264958025,0.140024375551979,0.143662327727565,0.168591411402694,0.0584662493176455,0.118920814186236,0.0622648059577451,0.0679133574225934,0.108326250896695,0.0606635186320877
dhap.dhap_1.Light,dhap,1.255442552252,1.43925919174879,1.09488800479311,1.11352434285992,1.31853502704965,1.19722782293091,4.02844382174126,4.69614006510295,2.63922692809326,4.161952765908,4.28180585456171,2.57843199528582,0.745285099906563,0.567286354324305,0.891186915300755,0.646973069517268,0.50150023995088,1.03536801729714,2.62569929311223,4.46992351435947,1.81210048590763,3.17942153116942,4.08150594129083,2.26608613678239,2.51910381139083,2.06336643070543,2.39101812745923,1.63088414556915,1.62092246920686,2.6327310675914,10.4312833569609,22.1144880731438,18.6251203066285,12.1040108763111,12.181986811509,13.6200277969303
dimp.dimp_1.Light,dimp,0.000459187214953877,0.000444286686686081,0.000444505537757917,0.000459187214953877,0.000444286686686081,0.000444505537757917,0.00275725100584895,0.00285763859621252,0.00136323934530147,0.00313662749822972,0.0010792221023555,0.00126745408170813,0.00169564223919106,0.000806012146377973,0.00231604547065858,0.001181994044335,0.00130154280740974,0.00239198258278454,0.00325063253613424,0.00394199255714814,0.00259629730015463,0.00400705994696097,0.00275434277288475,0.00181558542351185,0.0111377265824454,0.0115594270950285,0.00385493428219695,0.00997273870399017,0.010288443883765,0.00430370096160866,0.000911638326414592,0.00552297351054033,0.00225371733418943,0.0010983886735987,0.00272066411965687,0.00152178687128246
dtdpglu.dtdpglu_1.Light,dtdpglu,0.0038922315494743,0.00359847425018609,0.00308428346275225,0.00474520945460275,0.00353228975104383,0.00319901834314725,0.00827234080889212,0.00552715125076654,0.00621245879302138,0.00777210377716408,0.00761466627014129,0.00903468796379523,0.0146327252980075,0.0195210452770425,0.0151790069326628,0.0128697538683985,0.0121354804689232,0.0113630480138379,0.00422240443322346,0.00582201199557163,0.00613700476656683,0.00348073078169378,0.00384647543109865,0.00471328775678025,0.00373328145054189,0.00464175178941647,0.00349563452073245,0.00414958345679922,0.00597562844154101,0.00368273692374062,0.00224046946260128,0.0033594841956288,0.00320139288616086,0.00196841061358717,0.0027315072754337,0.00321073677415461
dtmp.dtmp_1.Light,dtmp,0.0877692164614897,0.101439164436209,0.0989359316373583,0.0852957287622501,0.087339147084387,0.0956849270380536,0.266983803350663,0.316200471386548,0.183427213284969,0.268392258333469,0.282835366399475,0.198926249164342,0.277951766588956,0.28553897062623,0.320198887671428,0.257321350498997,0.322670871198792,0.388785775696982,0.294274742243598,0.335367299236259,0.212535505467273,0.320214816091249,0.353221436221775,0.208282150846679,0.125245893345531,0.172811302138567,0.150937157378087,0.127972675276877,0.154845515046055,0.137388217135931,0.0820553198315593,0.112158341232219,0.0901879141104801,0.0784815318991564,0.102487201995993,0.0862257274849153
dttp.dttp_1.Light,dttp,1.37089021162244,1.74282650743124,1.30191731289899,1.37549335452217,1.25558703113106,1.10382366003017,1.44028888170952,1.33643588311574,1.71169476752849,1.73348501509329,1.09771428516659,1.98129307125081,0.40019953099715,0.589693867933937,0.893948286385688,0.55804724903415,0.615778291880259,1.0193532227094,0.450570541345398,0.717383834272914,0.451484953457202,0.482896098544417,0.608755722180195,0.469976417817898,0.894911554353801,0.872182265600143,1.14123018296403,0.984030283616199,0.907361515998162,1.2188598444744,0.855667502289332,0.90124795936235,0.729390213723643,0.794212127976234,1.29635171532546,0.698840228462777
dump.dump_1.Light,dump,0.0350833230293448,0.0327663986079433,0.0290439144931387,0.0389733885927262,0.0380983253420982,0.023676210972485,0.0160081563165686,0.0113954246646846,0.00805757028089832,0.018172214148076,0.0165841305774146,0.0131440184667991,0.0109323052995652,0.0183043959866241,0.0133992353412657,0.0129972612412184,0.0163089236571951,0.017107300736928,0.0233522441075736,0.0251063454636263,0.0166578604454043,0.0243605203612677,0.0304382308514476,0.0178672943737956,0.0230611106614326,0.0256134668019264,0.0213700982372828,0.0221738023793724,0.0158551863833522,0.0242157577054092,0.0198545051684108,0.0249165680497295,0.0219864403849535,0.0192537188945949,0.025947211676707,0.0221721509693677
dutp.dutp_1.Light,dutp,0.00459187214953877,0.00444286686686081,0.00444505537757917,0.00459187214953877,0.00444286686686081,0.00444505537757917,0.0170281137192566,0.0113867313400357,0.0208492508984122,0.0178839511655304,0.0142205806281341,0.0132237155693438,0.0059177491028707,0.00528302873162666,0.00656742042308153,0.0059177491028707,0.00528302873162666,0.00656742042308153,0.0067864578183346,0.00584034718151327,0.00391680798622732,0.0067864578183346,0.00584034718151327,0.00391680798622732,0.00445924790061093,0.00462213866840483,0.00452476990735737,0.00445924790061093,0.00462213866840483,0.00452476990735737,0.00435072097623951,0.00422883498179849,0.00405269257188799,0.00435072097623951,0.00422883498179849,0.00405269257188799
f6p.f6p_1.Light,f6p,0.259531553169465,0.429814149164647,0.395295080887097,0.488010335823819,0.416735968533581,0.376736076784517,0.74307247131991,0.525890568800381,0.378431964497848,0.785606387164658,0.870269579514617,0.359368412103191,0.0059177491028707,0.00528302873162666,0.00656742042308153,0.0059177491028707,0.00528302873162666,0.00656742042308153,2.70080464649662,2.0772291439765,0.829040262711541,1.38481092293587,1.961758667433,1.60116542852665,0.647999130145344,0.42746944367548,0.442212317175247,0.563108905000939,0.293010629257166,0.349002296444013,0.388607264261332,0.57953447961352,0.4348360187048,0.444019207387075,0.801017936097407,0.339834476033518
fad.fad_1.Light,fad,0.0822487318438985,0.252814242467468,0.111233463156492,0.0970894716093264,0.0887189353700132,0.0899913751769021,0.17725429584637,0.120977230269092,0.122726570053957,0.217214542550691,0.108093449897249,0.158024569735243,0.187809417853064,0.148474406945646,0.181795685263182,0.152020618198437,0.178545172447893,0.235495072476167,0.208392487735879,0.192677926119776,0.115403096926987,0.171777226158744,0.169700178119383,0.130592668262764,0.120539526412162,0.135696871362559,0.123605043129981,0.0958794935538936,0.151115867906416,0.168948532487448,0.27962983399882,0.223189146924591,0.152790962248237,0.193906037143531,0.341566067385226,0.234212192293985
fdp.fdp_1.Light,fdp,3.73358131333226,5.5920205309021,3.189135629301,3.43655348408476,4.84083270786549,3.54388650574956,6.23688297867378,5.18560467873847,3.05075623292224,7.88716974176447,4.75052243724325,3.09716276162975,0.157599219324897,0.256207122277168,0.354354382361476,0.203646650088318,0.36581386631515,0.426018182380578,4.5517265657663,8.02396848869772,3.70409878442636,5.21588888853513,7.95300893624191,2.56580085691751,4.9165459712278,2.81718158865284,4.08253033749297,4.59351935540793,2.85483602250283,3.57008386672005,2.83634960283613,5.19608059134242,4.22144957204583,2.33890865308783,4.84610948184495,3.9201144632849
fum.fum_1.Light,fum,1.35568893183145,1.24243260557312,1.06808193120453,0.698963518873094,1.28919820666366,1.0950511249903,8.96578662716731,10.2982781819208,7.07845575625584,9.65630363277125,10.7885875491553,8.20061277011916,0.783335492245358,0.79761470564289,0.958599848685775,0.902290351795131,0.717265647853242,0.78334649038898,4.01594579957729,4.82920503848932,2.55299259203329,3.44137645348544,5.00891922598305,2.34192772458539,2.10798824087218,2.08983604793305,1.70833091687992,2.40668084301519,1.58645444808537,1.68265634801766,0.369589193902045,0.38489436088408,0.408249816830372,0.386484156802281,0.698976790346643,0.429120540008014
g1p.g1p_1.Light,g1p,0.42495343878279,0.478613193107169,0.471375157858168,0.301875606891122,0.272377828254423,0.26502803906866,1.23695896173462,0.962899715377102,0.580272815594365,1.18223808493721,1.00464117763022,0.653260376909741,2.94220386164112,1.72189710332842,3.65665348892481,2.53334694124891,2.36650842421133,3.57451878555182,2.37194023542374,1.79890924050295,0.975799984827933,1.15301037926332,2.38193945982149,1.95942000448831,0.538287126748744,0.411615626369601,0.639422002790011,0.687834736776363,0.362925199980294,0.530786954569014,0.339813448628282,0.570971299794243,0.25958202793581,0.268258230152603,0.684725831705682,0.208585593856306
g6p.g6p_1.Light,g6p,2.2895372182753,2.77991108329799,1.52040710947993,1.57535625989475,1.54653206741169,1.69833614556906,5.79985393765829,4.46060753341885,3.5302092808097,4.27506134383745,3.90444730597445,3.3079389952613,25.1892752891039,19.268806520816,42.9484528810655,39.6419660660335,17.1415548721403,34.3576768324105,5.99832696353976,8.32344224238141,5.75132862259377,6.84901970269118,5.22542830798636,5.44275060584335,2.74418190283077,3.44531912252991,2.6189758091534,2.70015546737542,1.81162844868338,2.22626480507284,1.93936587775705,2.95377394514113,2.10161572603175,1.37729095697705,2.03389535130375,1.58186218778843
gam6p.gam6p_1.Light,gam6p,0.366455130165212,0.566033186151359,0.435972960586999,0.489640412783554,0.480221690849081,0.335077961471102,0.781307625961008,0.733174229742576,0.611761191162918,0.771738730747191,0.706235464703624,0.783683815224483,0.531346558000618,0.49504859839588,0.680843346978034,0.687875797395074,0.502784468159925,0.627549446750295,2.30184569642316,2.59986462043609,1.31347377626228,1.85728253839688,1.74395588603727,1.54414947539131,0.38806482002787,0.48502499613991,0.435226072438287,0.576651777774005,0.636124959729382,0.585888780802597,0.355863829994366,0.895020929230108,0.403309283875451,0.43017945475856,0.533538524521136,0.334119848807443
gdp.gdp_1.Light,gdp,0.212868005674499,0.181771353780338,0.197833680249023,0.192941281683384,0.137458771447234,0.199353356226015,0.153188667575975,0.109533934351848,0.121850868822291,0.146763845926678,0.0962318663314987,0.141773257871886,0.804476113583745,1.42285426167841,0.993966298863021,0.823728275847472,1.1919729933275,1.16175691147507,0.241171998563469,0.199866189804665,0.184684525262549,0.252427815943162,0.171026426934715,0.175951051639638,0.077441899675385,0.151839464177168,0.164000490264245,0.0867327805799151,0.124401150220551,0.153563155556382,0.141086664718564,0.143075806692375,0.106737338331609,0.144662102009289,0.111543626784294,0.109319585568062
gln-L.gln-L_1.Light,gln-L,8.74383542107327,7.43941818177444,8.5346267992879,10.2236973834982,7.51096485246705,5.50122427633275,24.409030730265,13.9916995909638,20.2534247649233,26.7637210242772,14.3842702681781,18.035027583666,19.0079627371701,12.6643733507346,15.3338551016072,15.2931042653194,13.8864434882551,18.2872248079855,9.51168692991264,16.8894991997207,5.33481067867302,7.41275764901019,17.1966450320339,5.46926292291539,10.5635170339675,10.6495237711472,14.6417274765201,12.6968652290188,10.7250440351325,9.3245730305838,8.36676204961717,10.7509331109605,8.65569223162329,10.7068424132091,11.2691954067943,13.1307546199053
glu-L.glu-L_1.Light,glu-L,50.9442929388148,43.719455136854,44.0450035965441,49.3682915185871,44.3099264228339,44.9220918733778,59.9452596293744,35.196996835597,33.6484723383003,62.3641990016189,37.3294827237745,34.3172325796803,72.839957037358,79.8743285259444,84.6648428089863,81.0117207324282,86.0491749301903,100.458934701888,69.348418658295,48.7915099200027,43.2351197605778,58.1959320142871,44.3717537305057,39.4232837167684,45.5532167423143,60.810300046547,66.7456137804105,49.9853484915514,67.7518115826078,70.976205772241,87.7077110890462,135.384994129549,99.6396568979639,112.762528536038,111.727737065437,104.625540941733
glutacon.glutacon_1.Light,glutacon,20.3732109877107,39.0007757702142,19.2451565503231,34.3146620035925,20.7293797867743,31.9637080993414,178.981682104429,582.79244709131,353.018500156676,207.460755680837,720.45250654396,395.587116967525,91.5266670122274,62.638441160699,93.5570254428314,88.3804899022921,50.7432340694359,115.603320624026,72.6135714995774,58.0602360129585,46.8193844818817,92.2458317161653,63.328446723616,50.4344650033618,80.4671738062603,87.1098810412292,62.6552686607756,77.8126876544651,70.8925285540413,58.4650678419817,13.9240751569046,37.3671953882646,29.7199426731106,48.1570081740122,19.1478093344015,46.7068556877579
glx.glx_1.Light,glx,8.45603644989116,7.12474189067803,6.25959416971901,10.0686781675033,7.09946500379793,8.07756518025327,85.4360309437905,93.641465948119,41.6168966993332,53.1236659491163,81.8795529376347,52.0176412586022,39.1640261255326,39.1628745222367,41.3538056673758,35.2369768296155,28.5033165742243,39.9948967321889,64.9058759071625,85.6614605183559,44.6575801800263,75.6577306035155,58.1642236456603,35.0614053726911,50.9010995958284,58.5229340100853,69.5816554428695,58.9553758074375,33.7661525077446,53.7498890107587,23.5528854848907,36.02124022136,24.879721960677,20.4158648084736,21.9111482559612,17.1845932973053
glyc3p.glyc3p_1.Light,glyc3p,0.647235129050192,0.617665347663234,0.629446197087555,0.506856599645144,0.788520340302605,0.572665575320782,1.19984977913067,1.45146200621895,0.952060258189353,1.02452978225591,1.57967186451937,1.05846301571906,0.688125190279066,0.569374905167139,0.514613465410979,0.666778804661948,0.601211629740112,0.577820613562669,1.42517839260952,1.79302585521902,0.839087810921642,1.44459060932858,1.96291206825332,1.07278734378479,0.711469457440393,0.96251213134967,0.628403343291054,0.996548870267968,0.693189197341916,0.789039314649603,0.467688452116995,0.724397903658235,0.711059487651853,0.486632508446106,0.713264930173414,0.726177951921274
glyclt.glyclt_1.Light,glyclt,0.468005854906473,0.530297183771053,0.589326212287543,0.786365622044036,0.576750497082384,0.692139770203311,9.78486984536684,14.0553178156859,7.79814786409396,7.10166754846185,11.987976589018,9.9568740137848,0.891716610606783,0.89661502089696,0.836743757216984,0.890426614090671,0.676007692331828,0.76315157144973,1.05732656452753,1.29026036413777,0.789056861273897,1.25909909815171,0.934753048151064,0.627277522820421,5.48857429643205,5.47760975527306,8.03929484020358,6.24016152922471,3.93327175865391,5.84287303198097,0.548347547709373,0.922135716747804,0.670824451846962,0.670818515452633,0.541457509415179,0.596898482994217
gmp.gmp_1.Light,gmp,0.287920829826034,0.271728339320044,0.348828664271196,0.310254890087828,0.259500929041041,0.243542782556618,0.622711285987511,0.549713943403704,0.307700606275084,0.532514606709429,0.356093547324937,0.264213190164283,0.615677396024409,0.984391040779566,0.377052256213368,0.54586649277605,0.785531051685824,0.408588709610634,0.251744144110668,0.583752005049346,0.446776230348449,0.411513738912918,0.371425366200861,0.211711087105354,0.611159816591763,0.139051614523735,0.354796272002493,0.258251466212923,0.238814783206413,0.146885201944767,0.310142462624618,0.332275547401721,0.592291030710048,0.382405450732774,0.434889597783841,0.64914267829987
gsn.gsn_1.Light,gsn,0.00752136535551976,0.00288711839468595,0.00882197072325327,0.00658074789691964,0.00292461263674877,0.00877162913758557,0.00295015986986739,0.00106945649612778,0.00125640164923234,0.00355502748462063,0.000864972657634769,0.00142495176209859,0.0145661458864009,0.0221628840208199,0.00726325700568421,0.0158655563577856,0.0245606785353686,0.00880063036320174,,,,,,,,,,,,,0.00769039008682946,0.00156789639012355,0.00320962957854397,0.00822037577298266,0.00130641272227651,0.00293387991799088
gthox.gthox_1.Light,gthox,1.44346041667778,1.65423334828937,1.15228634034801,1.61752003074638,1.54768355009763,1.12280828529724,10.7042755083872,8.90821007985913,6.14213883324282,10.2260157344096,7.83070480460882,8.11001959486425,2.99966870814569,4.9001885692206,5.84558436873242,2.87018176421883,4.03949356595431,4.46462804298422,1.26667538021844,2.1998814043397,1.45948651570233,1.34498692705588,2.47576320699147,1.41108554648141,2.34125729780503,2.18374904919514,3.70362417699393,2.30259577413449,2.3628837642795,3.66853237058255,6.85761572199305,18.015125513584,12.8084941114701,6.80048598283412,25.3304111360276,13.7696287041051
gthrd.gthrd_1.Light,gthrd,5.99436744435441,5.57137142745073,3.99850995990243,4.46595500559583,5.66614346459046,5.11739138415438,27.8400282833271,22.87680937689,16.603078299688,30.7397039194922,21.8522444015901,18.5837378488717,14.6637511925624,18.9643898996234,22.008041113096,12.9864357252521,17.8011987158067,17.3499140144219,12.4698101583693,8.53149161595034,8.62196642369939,8.91020913877007,8.39806170680198,6.005731854119,4.9731330868514,10.5374512648011,13.2991651335165,7.08512648327567,8.55887842925699,13.2892057439193,34.5370435883971,37.3481132398099,29.1608654329042,29.244012116179,27.9939310043466,37.2811857944023
gtp.gtp_1.Light,gtp,1.1267087837797,1.60682805567446,1.56300099207286,1.00405422101984,1.68357788726796,1.0965919043122,1.07593095396678,0.594311026829369,0.796241438606582,1.19049514370306,0.634984669022512,0.874875597443985,0.584351959212438,1.43728099593466,1.41406334490254,0.706190038442015,1.2712370517329,1.13914506360656,0.888467620420767,0.485829338113619,0.803419762474844,0.773849579549427,0.611576086573759,0.815793622018928,0.604402439990898,0.769771968982595,1.16640636425768,0.71997057254329,0.717155730964134,1.06057942851165,0.623695625100627,0.711980402095051,0.525972563586891,0.530759173426026,0.768867955960515,0.573078014012433
gua.gua_1.Light,gua,0.000453457017698468,0.00308761120350009,0.0019656999456672,0.00318983031587352,0.00210170394709543,0.00201519474828547,0.0153140481452171,0.014976190908281,0.0129422771012598,0.0181971875671514,0.0141514391534044,0.0108409351884368,0.00986056898119018,0.021705515846134,0.0103883226392589,0.00812625543516169,0.0292948777139988,0.0137244008045113,,,,,,,0.0101076157915408,0.00500505558646402,0.00913723211790428,0.0103143661449039,0.0072660435859804,0.00915124397287639,0.0107167002593941,0.00750009426185252,0.00644416781617327,0.00772058800605344,0.00764018837578003,0.0059340821499207
his-L.his-L_1.Light,his-L,1.05371796002115,1.13801374317102,1.19020529019099,1.18315607576247,1.15761284923429,1.16435834220344,2.42425544972842,1.37418827084973,1.44219317207273,1.97682257637276,1.51614819193192,1.46937375742301,1.95866582028835,1.76946563402825,2.24852024817591,1.79962154581002,1.82351966521422,2.36217536402178,2.19713379373758,1.53213606667685,0.970824254485482,2.22156532895075,1.72719317269182,1.00226504091145,1.66340826276631,1.41529745005105,1.7274886012699,1.60976872472053,1.42150245027516,1.58597650748297,1.90230889855444,2.25714252503332,1.69260903522623,1.95743160139896,2.0658753111302,1.69427930991646
hxan.hxan_1.Light,hxan,0.000930619116181714,0.000384609210357033,0.000212350963519863,0.00124735543656374,0.000452681039344328,0.000367531847300992,0.00848542022496643,0.00694845919055426,0.00781559070693781,0.00943438461681257,0.00722046099706182,0.00697121194716635,0.0127288475280599,0.0106127948335334,0.0124330653452718,0.0126209622277152,0.0121676821139511,0.0134732304671726,,,,,,,0.010550522116698,0.0093097235848572,0.00933952779330736,0.0127169001081043,0.00909258475449288,0.0088793451194194,0.00780424584434506,0.00868380310829717,0.00857579454448052,0.0083454502996076,0.00795976058958755,0.00742866451177585
icit.icit_2.Light,icit,0.0390547804449512,0.0440927008532828,0.0493549825123557,0.027958197209417,0.0397664028172679,0.042278970422179,0.12732125722784,0.130484215799016,0.190959428418464,0.178142614001768,0.120320650881703,0.0694546488520727,0.0614921162132354,0.0380218901587493,0.0667585063584114,0.0561680723904091,0.0356385230673638,0.0791903580443891,0.148815303136654,0.106653131529297,0.0578900973330577,0.0884462692100206,0.139444442426833,0.0983458916647733,0.0473667229424857,0.0240671169062094,0.0245374208832613,0.0389437267280104,0.0221910698592751,0.0171430989127588,3.46844456626637,4.83959543518501,2.56378372755602,2.11759847390887,4.99770355728333,1.3415842474419
imp.imp_1.Light,imp,0.0535694940734513,0.064605294110167,0.106231372997238,0.0914701657703923,0.0882997064524562,0.0722029992124953,0.0819877412076757,0.136095427374646,0.0661990944301323,0.0862252109342421,0.0599566662851563,0.0879491572925833,0.161165295766756,0.243361089236321,0.138969838128865,0.159554934209886,0.2567463969444,0.139347095714164,0.122656501753518,0.131687132028352,0.0580242491816284,0.109362761310768,0.146142960216194,0.0658312829533229,0.0497051222186803,0.0517332408247343,0.0583127554445895,0.08408263260744,0.0738480611112522,0.0580053149759872,0.0611227281939133,0.0911109313710475,0.143693189816421,0.0949634664997387,0.0994325322258526,0.123382019875832
ins.ins_1.Light,ins,0.00696306717209024,0.00442864969288686,0.00641784474206807,0.0064810629444253,0.0044602829049789,0.00638206649133393,0.00171179893587677,0.000636995595209568,0.000615416053477069,0.00176715398634196,0.00072594626536035,0.000599235550723651,0.00684143458241521,0.0102464722627968,0.00459713190566305,0.00563216799956472,0.0122613639492375,0.00485328691510288,,,,,,,0.00327296889712948,0.00309486341454463,0.00190172776124198,0.00374766386279573,0.00411220953966267,0.00200928154193986,0.000852555970629357,0.000403391106214747,0.000834205833728167,0.00121954624612872,0.000818746855243496,0.000945306753163162
itp.itp_1.Light,itp,0.0183658277179986,0.0103158174937141,0.0100858106489779,0.0171580744236013,0.0236066461730545,0.0164666743083267,0.0104184505247605,0.007017998892044,0.0130975962627766,0.0098701731202043,0.00770256534581766,0.0176965241408413,0.00565665742067713,0.00155285014453874,0.00365431697017772,0.00326430378523235,0.00553588346787116,0.00653162141435532,0.00531284908224455,0.00253192599924061,0.00169298071656537,0.00423330484177127,0.00341033524059006,0.00350201097023147,0.00235908617313037,0.00426890928479893,0.00927927776712896,0.0047706411948337,0.00281666751901228,0.0133604641190035,0.00324322145784447,0.00482670048250569,0.00412265623010278,0.00478031290572179,0.00427849715117423,0.00209223779866255
lac-D.lac-D_1.Light,lac-D,2.20649637195487,2.42495245658224,2.32577838811987,2.01679073277742,2.23011008096222,2.05668324117469,64.4385546076514,181.855317208638,117.300927017752,63.5577868847544,194.778377349283,115.427433002535,5.37018656722385,1.18069860691912,1.73225026457958,4.57155991842785,1.10194147466772,2.32649342744551,,,,,,,,,,,,,1.08879797386358,1.80325267551083,1.97896436528916,1.71392537903549,2.20179315830069,2.13943463203709
mal-L.mal-L_1.Light,mal-L,1.52867399684728,1.4288162176282,1.52124045512695,1.67729931786596,1.68825852837238,1.49009393431603,4.67107958213479,3.89934857474354,4.1019079761507,4.80082149497922,1.52354832517162,3.58640836945511,0.494229293501836,0.426266753674546,0.580039817821995,0.497158144944973,0.440381443197251,0.548422956212779,2.75634750316137,3.36815184845533,2.1113586993302,2.91648228336664,3.59062264063862,2.24453853873051,1.65880268241621,1.29483719904469,1.25760646319204,1.62103883031985,1.38945510233769,1.42872024151536,0.275073116391014,0.286930206606074,0.269360447653459,0.247269052167796,0.306156877610677,0.294891133852924
met-L.met-L_1.Light,met-L,0.146600348564339,0.108849688655458,0.114408519984121,0.136678795105516,0.120732348459914,0.109872961501032,0.150889220918041,0.141747072326835,0.180200957271009,0.143248573882576,0.120693775995384,0.198460458143313,0.0485856746674987,0.0422001768277624,0.0488177119663608,0.0495565861519838,0.0358346459995737,0.051038131855207,0.0902172998891655,0.20341532194643,0.0849314416008834,0.0925049198093166,0.196388480318989,0.0685288896670837,0.297337294456008,0.185939644410291,0.165864552935824,0.317060723168853,0.177256825652955,0.156315168124121,0.0274239917648152,0.0534694846586472,0.0608341564422885,0.0425137382900664,0.0511108933901319,0.0550362593524765
mmal.mmal_1.Light,mmal,0.0565686000612193,0.0514624542161549,0.0502388773291319,0.0457661234817398,0.0447880961538505,0.0673228635925808,0.342838015277752,1.34863360799328,0.560383734984449,0.337587037946062,1.41258689312595,0.607678004128662,0.0383936714958539,0.0409570976012055,0.0550297778079959,0.0517096183206347,0.0407163779819575,0.044213459663475,0.0748986487375777,0.110873818445531,0.0576348209392785,0.0862776674725043,0.125129496183359,0.0538605671381139,5.16854759504483,5.53649110581565,5.29596776739185,4.94152370364867,6.35685635155441,4.71049002483222,0.0287850334637495,0.0238523994876669,0.0274935227401149,0.0368177191338172,0.030177438368098,0.0334458343064932
nad.nad_1.Light,nad,2.2611745854977,2.20308020586825,1.96596662543106,2.35806741707003,2.26160961385454,2.25043027486178,3.64804721349121,3.20308143566852,2.58838956860789,3.84528030896235,2.84925664351571,2.70533612145542,1.93794336012062,2.24575653196852,2.82102570456367,2.07991112687514,2.1701586630496,2.87343962693453,3.1837049587527,3.47213079188857,2.23738200412068,2.82674490277231,3.31773374726139,1.9475575582545,1.86530233686233,2.51177060350201,2.06744386281182,1.55195139401573,2.06665149605061,2.19099569917246,2.25526620721195,2.98868015516853,2.50727103055687,2.05366536617516,2.61761557533926,2.34909795275527
nadh.nadh_1.Light,nadh,0.002777230399,0.00290618851213858,0.00307106920212578,0.00267004462334939,0.00270182685485678,0.00294509899975842,0.00283930720958812,0.00142853075609781,0.00229420977884844,0.0024759255569913,0.00143534414013303,0.00257441136499453,0.00263737507817459,0.00374626065484986,0.00351085495474572,0.00216332372611566,0.00359895607793741,0.00335569505005612,0.00353460847031354,0.000593715677639404,0.00306737610514698,0.00289844319983973,0.00436501824806064,0.00240979731284802,0.00109376789246017,0.00235360317865681,0.00153840366942188,0.00105803237163425,0.00209372897859215,0.00155104316168109,0.00188489460879937,0.002196371044196,0.00257014468062507,0.0017931700987457,0.00267478760335683,0.00291090804068564
nadp.nadp_1.Light,nadp,0.951292690728838,1.04385547165034,0.977102661139196,1.02137715880679,0.951468016235408,0.999472588574683,0.886328748194767,0.466355728520549,0.463714480524522,0.723844562106256,0.511490284036992,0.327433725886521,0.32553720910049,0.336226395979393,0.495013201434841,0.360062688268411,0.314208678493758,0.491882209361076,0.727235431982112,0.893053622809909,0.518500642719246,0.703693280389471,0.829926413366514,0.500668859301696,0.414070318567101,0.547784941316302,0.386054301955763,0.365267935411916,0.467129140156596,0.410973216596884,0.613332868609741,0.748783339337688,0.463316716970307,0.527259818933301,0.664834214036823,0.46436089037457
nadph.nadph_1.Light,nadph,0.0226083107443,0.0303583154502825,0.0204790413278692,0.0227157839711471,0.0262480682542761,0.0217982377507386,0.0107833822443076,0.00830055066485871,0.00895539625375714,0.0119494395234499,0.00788683055661478,0.00954931905079362,0.0242375256123221,0.0362371705246938,0.0541585983242594,0.0263099462026937,0.0421650372904569,0.041615404562655,0.0513156691360554,0.0495167043460831,0.0347124906533308,0.0402855964892319,0.0488952808933451,0.0304766151800566,0.00812200991300298,0.0177077201486665,0.00979431241669585,0.00834346731186707,0.0188224288515513,0.00968220264517825,0.01722939673067,0.0190973299722674,0.0356384820215861,0.0159260508127459,0.0153407831219741,0.0306467056059791
orn.orn_1.Light,orn,3.07866465304841,2.63498241449156,6.00008732948979,2.57517362109492,3.90309245049715,4.50538665179583,9.88506103451845,4.19287265165374,7.44803986821666,7.76126003752559,8.45626611141119,4.82743245769958,12.589308424474,7.85713468328293,4.47648246999131,7.9567712369637,4.29151609679597,8.93990377639921,6.89827411013574,18.5631612540362,6.34113796100131,12.1041118688031,9.12699768121997,4.01529868463343,7.94459724588837,3.6635983902698,8.47906090613758,3.48184725264246,11.3544221921652,4.88958282494302,8.0577346154336,5.7166471286118,11.9550750093721,19.762045886845,26.6469815749053,24.7103302926516
pep.pep_1.Light,pep,0.253535512690268,0.209186730212333,0.286763169923698,0.239353552750582,0.209099920148048,0.230087970201799,0.473231537649419,0.453429555961947,0.373785500103979,0.59570580201571,0.601129029260653,0.285782555631762,0.0555645667260754,0.0693483243450198,0.0516502633808073,0.0640588404684206,0.0740194911795501,0.062074099346004,2.74025107779589,2.30508060187937,1.53526465043259,2.57443824206735,2.53214626034211,1.93073422324706,0.319148485957546,0.304193743545865,0.326544606865195,0.294943138081839,0.309126791758442,0.400794075214429,0.0753307027870355,0.109724351527513,0.0682513530498937,0.0704871721652405,0.109140140512078,0.0865040161573647
phe-L.phe-L_1.Light,phe-L,0.163062525222865,0.135297079467416,0.13312898583373,0.168315419868504,0.12125941375349,0.180425005360025,0.408665444660801,0.316740993963264,0.369241805816196,0.439286855556097,0.446270508082191,0.422313798945479,0.0515067608402628,0.0747193936938533,0.0636557423711095,0.0507965445487814,0.0914052688472902,0.0590704889587656,0.265822230773064,0.355286244829057,0.190835176971502,0.385531444475241,0.344235666691513,0.175692145931579,0.313278320427137,0.140397542478009,0.205174994182077,0.294596945708849,0.180663737968853,0.210520693546203,0.0358380089919363,0.0417227917707716,0.0293132959908231,0.0431402290584819,0.0218808447289577,0.0410775496583906
phpyr.phpyr_1.Light,phpyr,1.77485091548842,1.71389460371148,2.19797177335403,1.83366921193105,1.76031602212586,1.78790815066285,12.2966104758755,14.231592860823,8.68385677915686,12.9666713426205,16.8323137432179,8.21478420723857,0.93244766162424,0.438540250627569,0.881515264385391,1.05834273304913,0.447063238314035,0.88889030676758,6.38763502157112,5.99939888647838,3.94772446403608,6.47763800851561,7.12774202427711,3.55939648830083,4.47123715491621,4.41890619255931,4.06208176339704,4.78877488249521,4.24434064504757,5.08923043305506,0.530006690999003,0.846213880187933,0.569032098353064,0.477912789549877,0.829916733771204,0.569331897096608
pyr.pyr_1.Light,pyr,17.8251278708066,10.5762720823509,11.7853068739895,11.4418217609438,10.6889908802703,12.9381758455261,16.0704318999875,25.0492826405855,17.5809058708277,17.7367498076217,32.0919963688657,13.4190607728277,0.339913690536369,0.717609880495943,1.42681215080601,0.46349577836033,0.879196569281423,1.67569567491911,9.13278164372884,8.73283416258956,3.99386848859245,13.9067954423063,12.0147154639896,6.34736610479786,11.3712084859694,6.86035534586663,7.88492279922297,14.2728765236215,7.80801145716226,11.0682516287084,0.400566016611393,1.22464216969917,0.727102251542491,0.148292833483045,1.42026256620807,0.235498413167372
r5p.r5p_1.Light,r5p,0.286071935005196,0.293647580658485,0.258877499509745,0.22812037279828,0.308436866153179,0.291413828226228,0.179699437095004,0.224944209226372,0.146209785263352,0.152823098594861,0.202222400091117,0.197103212727055,0.730607176616233,0.464746085970384,0.660640096609235,0.4265285643078,0.462290329234409,0.56503357607795,0.355731555098622,0.432118823544997,0.229558762971308,0.403848998761753,0.387478305073516,0.474888977489466,0.24994787126616,0.384590220077794,0.42673038436922,0.334388172566986,0.349175555375329,0.389701321250809,0.18616128610332,0.273254777605214,0.194544080763399,0.171833738035175,0.279465253117153,0.205659167245224
ru5p-D.ru5p-D_1.Light,ru5p-D,0.0551151985967487,0.0659628325185239,0.0621620738437091,0.0644592589281831,0.0594174882014461,0.0638740744762287,0.057067343571345,0.0898119626587379,0.0526468705544836,0.0654322617830879,0.0733709726214882,0.0297334227116039,0.0660455045894428,0.0877326604808966,0.146518682695357,0.101749512367824,0.0732385887404306,0.108307274589744,0.0840772419983405,0.0450609282708911,0.0693024901871467,0.103997960536632,0.0676982453542482,0.0538927813170775,0.0802963298075102,0.0939975448004673,0.0960113306671131,0.0606576865586991,0.0760830847090127,0.0755728069900977,0.0533303441552379,0.0789858918063699,0.0302156478501476,0.0513603155085197,0.068889656968385,0.0815929474932498
s7p.s7p_1.Light,s7p,0.150481804826628,0.208811916634844,0.148646107856803,0.161378861574333,0.200866823119881,0.183470319466787,0.281814550302026,0.223799901183715,0.165555866420751,0.265989130601607,0.171892911755237,0.120061363604222,0.693756255210198,0.450268395317106,1.08122276070081,0.599473818429643,0.403814034244663,0.704841522788269,0.618516845997981,0.770479403501891,0.781440323025336,0.629955587597646,0.645699876690586,0.584189017799745,0.331014661899291,0.39872573191193,0.386110715429537,0.300473399224722,0.312250880955787,0.411787663415807,0.333275445318304,0.683988183756186,0.373951447577456,0.488311337246875,0.417043721073764,0.384106475099886
ser-L.ser-L_1.Light,ser-L,0.581191132848691,0.799991768349864,0.593605259515452,0.84639614701966,0.995508009137615,0.595168216107645,1.06844321034401,0.982423252916816,0.855513720057832,1.3130328102759,1.04287386993487,0.74006426103277,0.322942238245287,0.282455287887695,0.333578848947236,0.256246580742432,0.395938725805185,0.331358322666178,1.03569734369649,0.605386102335946,0.490425034359874,1.29845401474594,0.802079588362108,0.612054463559723,0.484776104227461,0.543725922886221,0.594672455544526,0.418655437212277,0.506190969471948,0.698890266824922,0.328620901314275,0.345242816542296,0.342059481661913,0.268204627529888,0.372899423119151,0.269389697962097
skm.skm_1.Light,skm,0.0207331150573508,0.0200143874936152,0.0179920804062062,0.0227957596900012,0.0173600313383707,0.017006547175694,0.0213823304587263,0.0192461307961967,0.0118963313071495,0.0151574195716181,0.0214585291241278,0.0161907348768485,0.0168967549112561,0.0395454728524177,0.0130929032695674,0.0148623842640662,0.0321584203434076,0.015045063736392,0.0334409787273942,0.0320725965268959,0.0299275605616744,0.038771831603585,0.0272834213126737,0.0200344168391985,0.0154324353703204,0.0172035349516475,0.0323868822191131,0.0150284993044162,0.00959229063692826,0.0160294019112432,0.00381725949909839,0.00595008838100297,0.00383746622747274,0.00336533836434976,0.00525391261617291,0.00404774707114252
succ.succ_1.Light,succ,2.38522384263659,2.17577347041546,2.39859193124616,2.15472749375848,2.32336366172139,2.04680007215477,13.5962468756199,56.3692791337921,29.5381847984146,14.8408983738652,55.5492675703032,30.8470373806984,1.04026582806416,0.722140706842034,0.863824139675112,0.996842782919631,0.852881992829923,0.860269003888164,1.88835570095344,3.11838932414533,1.31630662487228,1.55217160853446,3.15262355172315,1.40832350005098,159.442390955813,155.478103116618,169.96267848781,177.176792164613,187.637783768352,202.621037580338,0.594539195821318,0.597534875164518,0.585698742248873,0.647321717204544,0.532115530007431,0.793886583782172
thr-L.thr-L_1.Light,thr-L,1.25902798337405,1.12834841692245,1.28411862440611,1.23514519530034,1.18890259839461,1.29682334166706,2.24889901564157,2.21752123592229,2.44185327425684,2.64260256034584,2.35419554450603,1.74574967146189,1.17852777724128,0.715891118418996,2.10324419103925,1.40104162758691,0.81162136779409,2.05085990678002,1.14040317996743,1.91587325034207,1.04135815424391,1.27100425738838,2.11511642519939,0.823073491428714,1.46658981254456,1.7277319140349,1.36989054468317,1.55442304319992,1.46635460741726,1.12946561876566,0.510989133154648,0.510392666095723,0.62452724692234,0.516228364024592,0.665111327055879,0.59709921974688
trp-L.trp-L_1.Light,trp-L,0.0557948659305243,0.0786427207978555,0.0440690871243875,0.0369572789108136,0.0539928112900053,0.0469565386454596,0.0692778113903839,0.0378330187403114,0.160906339015265,0.0677739065402341,0.0350009412165098,0.185498508532142,0.021259163913091,0.0147333126399719,0.0241131450721613,0.0250471399683848,0.0295621054582105,0.0371587070916089,0.0317797929758512,0.123563473666594,0.054668500830261,0.077968009556218,0.146404868833445,0.0373082059158187,0.0855801461559189,0.0653193809720157,0.0771783120922917,0.0830144474201856,0.086106343555383,0.0813465342032423,0.0257432651795562,0.0212941936757387,0.0221699491414933,0.021509959285663,0.0229418822615999,0.0213374462491839
tyr-L.tyr-L_1.Light,tyr-L,0.143669830452495,0.106082361502957,0.125349652189402,0.13140754445096,0.120384889169437,0.125592890064719,0.28260621055918,0.227359257567186,0.348637463752818,0.311285746091796,0.214191775107364,0.346043842414612,0.0443700968564043,0.0759198790295644,0.0872933136040117,0.080774010432005,0.0796758673252178,0.0744309366424251,0.157523233152405,0.409222501187814,0.146797893760302,0.196736448507391,0.419684738953757,0.174448273077288,0.224924511374843,0.109843772092439,0.115284402119459,0.233127417395861,0.114498690043852,0.119403499708479,0.110212454198513,0.0670113239166652,0.0718411373497585,0.0906866185903152,0.0582790148024763,0.066862120836714
udp.udp_1.Light,udp,0.215842000550231,0.167042803608575,0.221594199697844,0.229809334548898,0.148074773462241,0.197248515378897,0.302698626261462,0.194687789036229,0.17613550481313,0.277768289366049,0.20887949994819,0.186498042474438,0.185855835133076,0.268329819401469,0.218071174789419,0.221243710836633,0.277924206371315,0.167148441048692,0.198116139453733,0.393748283962638,0.182006928345748,0.167189885385506,0.369534480212471,0.168561352583834,0.0908453638731838,0.180600960543673,0.152023342421134,0.0978837738707895,0.179167118125283,0.195065331998981,0.163418440825943,0.125885509606198,0.118203477149396,0.16650376417783,0.145692112891001,0.12757534898535
udpg.udpg_1.Light,udpg,8.31676737373665,9.45500822628001,8.8547290211441,9.69931445551789,9.84749443522011,9.57723644777705,5.71149255201176,5.11037027855343,4.38587517958291,6.09903117884566,4.7456558260984,3.9445847810016,3.59718097028021,3.94433163892332,6.17457885480952,5.14256219846207,3.99632427667565,5.43128664060927,8.16118615382414,7.62804555379818,7.26592334469106,10.9377551106156,11.7731143120833,7.86625857970931,3.68551977379655,3.41992509684562,4.8009035020202,4.36324788518033,5.77497473682159,6.37461689212962,4.19297650859649,4.00700692389519,4.17225751949591,5.46362274136354,5.6563036198298,5.37101885961913
udpglcur.udpglcur_1.Light,udpglcur,0.0955983419457135,0.0855082061056188,0.075926053135205,0.094146410339518,0.0788916404112318,0.0786123747905525,0.104123628682059,0.078985901842174,0.0740206906605873,0.12193814706142,0.0781294100353865,0.0728787579418513,0.114452821257856,0.18365990977097,0.189990339087204,0.111547065014143,0.173690513874547,0.204388647200783,1.16520719602577,0.745951964931591,0.614108506211841,0.897289530352868,1.05700009062594,0.729928306465271,0.0496628164419977,0.0538084484314683,0.0640201418387834,0.054832949170353,0.0657258846636997,0.0602278195126565,0.0929281217842204,0.147278089665089,0.0935447281620422,0.0966392837314481,0.170752246928178,0.0923849999292085
ump.ump_1.Light,ump,0.20231772665234,0.203047107164677,0.198528999814483,0.203598099027221,0.231147597214736,0.191942857719226,0.287802262114264,0.2231225795263,0.151918739523668,0.272774990185249,0.227905542364445,0.149702158890083,0.163086732090067,0.278553140904061,0.262155467084755,0.173278931139207,0.306260475880446,0.234606291648954,0.519662396133527,0.774851417901841,0.389830814224762,0.502404383681715,1.05749369399237,0.369439653339135,0.151222461176233,0.208683922331516,0.234378370463161,0.146735246656488,0.24489778855136,0.17291111421308,0.14857449567847,0.124696583646037,0.19587291529391,0.141588264995852,0.13280451584725,0.219196681005583
ura.ura_1.Light,ura,0.0112139946512746,0.00457362310447264,0.00610399627306764,0.00627697305405412,0.00469089346399681,0.00567894674269739,0.0181267121827589,0.0157579139169566,0.0155412861431464,0.0164638611057148,0.0166229749257665,0.0179730341292383,0.0103212580557748,0.0192645309867956,0.0127547297166898,0.00676774913768591,0.0186839858274145,0.0131720531637643,,,,,,,,,,,,,0.00651007472681559,0.00569163340476989,0.00551852918533074,0.00565211864131052,0.00567897311860139,0.00546757184473959
uri.uri_1.Light,uri,0.0330052937882446,0.0128701807101062,0.0349241831279531,0.0348630770960027,0.0146841894789582,0.0286109941032114,0.0125553928233939,0.00649639812016588,0.00584583282479811,0.0132821891087354,0.00705977262057724,0.00796582486336671,0.0399210117670095,0.028590104247205,0.0117403082261055,0.0318979458982793,0.0247871582789734,0.00885878487104813,0.0151797445756705,0.0353133888249455,0.0111460514777487,0.0137295063643695,0.0351735422957189,0.0114049117508353,0.0167400362395842,0.0173859028194511,0.0136711714714789,0.0172712151606331,0.0190946501706408,0.0134722105514975,0.0203122114568415,0.00490680265184742,0.00595567530121298,0.0140247217905308,0.00451208700059783,0.00692425220985466
utp.utp_1.Light,utp,1.32986554695413,1.62916908591035,1.48452549387255,1.44484502179533,1.74643081472133,1.46506435466845,2.5029346342034,1.63320911069283,1.80966305817543,2.23943587180387,1.62463804683102,1.72277767193868,0.900845955287176,0.931670533743737,1.26427056275869,0.871360746711127,1.00988629026738,1.32356512553487,0.871195531498147,2.02178388276525,0.896102628574357,0.67862657683648,1.73354307556405,0.89241948873561,1.03052834863504,1.31926812679656,1.38968477506115,1.03398752100899,1.41117667707508,1.33125288966453,0.77568609936025,1.05317247596621,0.714005165768459,0.889059059109408,0.953057792483856,0.827974604511453
